<?xml version="1.0" encoding="UTF-8"?>
<!DOCTYPE suite SYSTEM "https://testng.org/testng-1.0.dtd">
<suite name="Suite" >
	<groups>
		<run>
			<include name="error-validations"></include>
		</run>
	</groups>
	<listeners><listener class-name="eCommerce.TestComponents.TestListeners"></listener></listeners>
	<test thread-count="5" name="All Test">
		<classes>
			<class name="eCommerce.TestsContainer.ErrorValidations" />
			<class name="eCommerce.TestsContainer.Basetestforrefrence" />
		</classes>
	</test> <!--
	Test -->
</suite> <!--
Suite -->
