<?xml version="1.0" encoding="UTF-8"?>
<!DOCTYPE suite SYSTEM "https://testng.org/testng-1.0.dtd">
<suite name="Suite">
	<groups>
		<run>
			<include name="Smoke"></include>
		</run>
	</groups>
	<listeners>
		<listener class-name="TestListeners"></listener>
	</listeners>
	<test thread-count="5" parallel="methods" name="All Test">
		<classes>
			<class name="eCommerce.TestsContainer.ErrorValidations" />
			<class name="eCommerce.TestsContainer.Basetestforrefrence" />
		</classes>
	</test> <!--
	Test -->
</suite> <!--
Suite -->
