<?xml version="1.0" encoding="UTF-8"?>
<!DOCTYPE suite SYSTEM "https://testng.org/testng-1.0.dtd">
<suite name="Suite">
	<groups>
		<run>
			<include name="Connection_Status_Check"></include>
		</run>
	</groups>
	<listeners>
		<listener class-name="advantageDemoAuto.TestComponents.Listeners"></listener>
	</listeners>
	<test thread-count="5" name="Connection_Status_Check">
		<classes>
			<class name="advantageDemoAuto.TestCases.ManagersPageTestCases" />
			<class name="advantageDemoAuto.TestCases.LandingPageTestCases" />
			<class name="advantageDemoAuto.TestCases.CreateNewCustomerTestCases" />
		</classes>
	</test> <!--
	Test -->
</suite> <!--
Suite -->
